{
  "type": "datasource",
  "name": "Dremio",
  "id": "digital-hub-dremio",
  "metrics": true,
  "info": {
    "description": "",
    "author": {
      "name": "etomaselli",
      "url": ""
    },
    "keywords": [],
    "logos": {
      "small": "img/logo.svg",
      "large": "img/logo.svg"
    },
    "screenshots": [],
    "version": "1.0.2",
    "updated": "2023-08-03"
  },
  "dependencies": {
    "grafanaDependency": ">=7.0.0",
    "plugins": []
  },
  "routes": [
    {
      "url": "{{ .JsonData.url }}"
    }
  ]
}
